FIPS,uv_index
1001,4563
1003,4492
1005,4642
1007,4499
1009,4416
1011,4629
1013,4579
1015,4466
1017,4584
1019,4419
1021,4529
1023,4476
1025,4488
1027,4518
1029,4486
1031,4628
1033,4408
1035,4551
1037,4545
1039,4597
1041,4607
1043,4402
1045,4644
1047,4540
1049,4358
1051,4588
1053,4535
1055,4422
1057,4449
1059,4415
1061,4638
1063,4484
1065,4493
1067,4652
1069,4658
1071,4328
1073,4456
1075,4459
1077,4391
1079,4391
1081,4609
1083,4366
1085,4582
1087,4620
1089,4352
1091,4495
1093,4432
1095,4377
1097,4466
1099,4520
1101,4610
1103,4380
1105,4513
1107,4474
1109,4626
1111,4539
1113,4635
1115,4454
1117,4492
1119,4482
1121,4503
1123,4574
1125,4471
1127,4439
1129,4470
1131,4529
1133,4411
4001,5329
4003,5675
4005,5164
4007,5510
4009,5630
4011,5597
4012,5633
4013,5655
4015,5425
4017,5268
4019,5680
4021,5689
4023,5649
4025,5398
4027,5625
5001,4547
5003,4579
5005,4432
5007,4437
5009,4424
5011,4571
5013,4571
5015,4422
5017,4582
5019,4566
5021,4427
5023,4469
5025,4557
5027,4590
5029,4495
5031,4469
5033,4508
5035,4508
5037,4503
5039,4557
5041,4566
5043,4569
5045,4498
5047,4505
5049,4426
5051,4533
5053,4541
5055,4447
5057,4593
5059,4546
5061,4591
5063,4469
5065,4444
5067,4483
5069,4542
5071,4482
5073,4603
5075,4456
5077,4530
5079,4556
5081,4624
5083,4524
5085,4520
5087,4439
5089,4432
5091,4615
5093,4467
5095,4533
5097,4548
5099,4583
5101,4438
5103,4576
5105,4514
5107,4546
5109,4572
5111,4487
5113,4568
5115,4483
5117,4521
5119,4516
5121,4434
5123,4519
5125,4522
5127,4550
5129,4443
5131,4548
5133,4612
5135,4442
5137,4449
5139,4581
5141,4462
5143,4461
5145,4495
5147,4507
5149,4526
6001,4825
6003,4934
6005,4995
6007,4786
6009,5022
6011,4664
6013,4820
6015,3976
6017,4954
6019,5116
6021,4576
6023,3995
6025,5513
6027,5456
6029,5224
6031,5186
6033,4463
6035,4766
6037,5080
6039,5100
6041,4595
6043,5067
6045,4248
6047,5071
6049,4678
6051,5045
6053,4983
6055,4671
6057,4895
6059,5068
6061,4924
6063,4794
6065,5480
6067,4957
6069,4986
6071,5633
6073,5173
6075,4697
6077,4976
6079,5096
6081,4729
6083,5044
6085,4871
6087,4819
6089,4559
6091,4865
6093,4350
6095,4818
6097,4508
6099,5018
6101,4847
6103,4561
6105,4205
6107,5200
6109,4997
6111,4979
6113,4800
6115,4884
8001,4588
8003,5179
8005,4608
8007,5246
8009,4995
8011,4960
8013,4505
8015,4770
8017,4802
8019,4488
8021,5236
8023,5171
8025,4918
8027,4936
8029,4922
8031,4595
8033,5078
8035,4621
8037,4609
8039,4656
8041,4738
8043,4868
8045,4744
8047,4485
8049,4489
8051,4853
8053,5025
8055,5066
8057,4451
8059,4585
8061,4873
8063,4724
8065,4625
8067,5200
8069,4439
8071,5084
8073,4755
8075,4524
8077,4911
8079,5085
8081,4659
8083,5178
8085,5016
8087,4563
8089,5003
8091,5010
8093,4641
8095,4547
8097,4688
8099,4934
8101,4966
8103,4724
8105,5156
8107,4540
8109,5004
8111,5021
8113,5055
8115,4511
8117,4527
8119,4669
8121,4609
8123,4514
8125,4630
9001,3849
9003,3819
9005,3797
9007,3835
9009,3831
9011,3853
9013,3827
9015,3849
10001,4081
10003,4038
10005,4103
11001,4100
12001,4709
12003,4639
12005,4660
12007,4675
12009,4807
12011,4820
12013,4675
12015,4859
12017,4793
12019,4672
12021,4858
12023,4659
12027,4852
12029,4723
12031,4635
12033,4518
12035,4757
12037,4701
12039,4679
12041,4709
12043,4828
12045,4686
12047,4650
12049,4848
12051,4836
12053,4815
12055,4831
12057,4847
12059,4642
12061,4797
12063,4667
12065,4683
12067,4694
12069,4808
12071,4862
12073,4686
12075,4747
12077,4688
12079,4672
12081,4858
12083,4765
12085,4782
12086,4855
12087,4874
12089,4611
12091,4587
12093,4809
12095,4819
12097,4822
12099,4793
12101,4830
12103,4846
12105,4836
12107,4725
12109,4697
12111,4785
12113,4551
12115,4865
12117,4815
12119,4808
12121,4673
12123,4699
12125,4668
12127,4795
12129,4698
12131,4621
12133,4652
13001,4595
13003,4614
13005,4598
13007,4662
13009,4590
13011,4478
13013,4524
13015,4444
13017,4615
13019,4627
13021,4606
13023,4604
13025,4595
13027,4655
13029,4601
13031,4591
13033,4574
13035,4592
13037,4657
13039,4600
13043,4589
13045,4525
13047,4311
13049,4607
13051,4607
13053,4635
13055,4376
13057,4457
13059,4534
13061,4655
13063,4570
13065,4620
13067,4507
13069,4608
13071,4647
13073,4557
13075,4638
13077,4573
13079,4613
13081,4628
13083,4303
13085,4426
13087,4673
13089,4546
13091,4606
13093,4623
13095,4652
13097,4531
13099,4662
13101,4636
13103,4598
13105,4522
13107,4587
13109,4592
13111,4324
13113,4578
13115,4422
13117,4474
13119,4484
13121,4534
13123,4356
13125,4572
13127,4599
13129,4397
13131,4669
13133,4564
13135,4521
13137,4417
13139,4469
13141,4577
13143,4485
13145,4610
13147,4491
13149,4560
13151,4580
13153,4612
13155,4619
13157,4509
13159,4587
13161,4599
13163,4577
13165,4582
13167,4588
13169,4595
13171,4600
13173,4628
13175,4597
13177,4643
13179,4600
13181,4547
13183,4595
13185,4644
13187,4405
13189,4561
13191,4601
13193,4624
13195,4516
13197,4628
13199,4596
13201,4667
13205,4659
13207,4603
13209,4595
13211,4568
13213,4344
13215,4629
13217,4572
13219,4546
13221,4542
13223,4492
13225,4612
13227,4409
13229,4596
13231,4599
13233,4462
13235,4614
13237,4583
13239,4649
13241,4357
13243,4649
13245,4563
13247,4563
13249,4630
13251,4585
13253,4672
13255,4591
13257,4453
13259,4641
13261,4635
13263,4617
13265,4561
13267,4592
13269,4621
13271,4606
13273,4647
13275,4663
13277,4631
13279,4593
13281,4331
13283,4592
13285,4590
13287,4627
13289,4601
13291,4340
13293,4609
13295,4328
13297,4549
13299,4607
13301,4565
13303,4584
13305,4593
13307,4639
13309,4599
13311,4400
13313,4335
13315,4617
13317,4548
13319,4596
13321,4639
16001,4413
16003,4114
16005,4336
16007,4393
16009,3808
16011,4288
16013,4221
16015,4232
16017,3675
16019,4280
16021,3589
16023,4177
16025,4234
16027,4414
16029,4338
16031,4372
16033,4119
16035,3804
16037,4065
16039,4331
16041,4402
16043,4182
16045,4305
16047,4371
16049,3897
16051,4226
16053,4379
16055,3762
16057,3869
16059,3969
16061,3921
16063,4327
16065,4245
16067,4334
16069,3949
16071,4380
16073,4443
16075,4351
16077,4329
16079,3712
16081,4250
16083,4406
16085,4056
16087,4236
17001,4180
17003,4335
17005,4222
17007,3899
17009,4168
17011,3971
17013,4226
17015,3940
17017,4159
17019,4065
17021,4175
17023,4141
17025,4207
17027,4240
17029,4134
17031,3881
17033,4168
17035,4159
17037,3910
17039,4088
17041,4109
17043,3889
17045,4105
17047,4215
17049,4187
17051,4205
17053,4008
17055,4268
17057,4097
17059,4261
17061,4209
17063,3945
17065,4251
17067,4137
17069,4275
17071,4082
17073,3995
17075,3978
17077,4292
17079,4178
17081,4247
17083,4222
17085,3931
17087,4299
17089,3897
17091,3934
17093,3919
17095,4039
17097,3878
17099,3956
17101,4187
17103,3936
17105,3988
17107,4119
17109,4112
17111,3889
17113,4045
17115,4129
17117,4206
17119,4230
17121,4224
17123,4000
17125,4122
17127,4313
17129,4146
17131,4032
17133,4269
17135,4201
17137,4180
17139,4137
17141,3921
17143,4041
17145,4271
17147,4095
17149,4203
17151,4291
17153,4328
17155,3983
17157,4281
17159,4197
17161,4002
17163,4253
17165,4272
17167,4169
17169,4146
17171,4191
17173,4168
17175,4007
17177,3920
17179,4071
17181,4309
17183,4046
17185,4206
17187,4064
17189,4254
17191,4226
17193,4240
17195,3959
17197,3911
17199,4284
17201,3909
17203,4022
18001,3895
18003,3865
18005,4090
18007,3977
18009,3927
18011,4032
18013,4108
18015,3961
18017,3926
18019,4107
18021,4123
18023,3997
18025,4155
18027,4168
18029,4021
18031,4050
18033,3843
18035,3957
18037,4175
18039,3823
18041,4001
18043,4121
18045,4044
18047,4010
18049,3883
18051,4205
18053,3934
18055,4145
18057,4015
18059,4028
18061,4139
18063,4071
18065,3987
18067,3957
18069,3891
18071,4112
18073,3919
18075,3922
18077,4073
18079,4079
18081,4084
18083,4180
18085,3851
18087,3821
18089,3888
18091,3849
18093,4137
18095,3983
18097,4059
18099,3850
18101,4157
18103,3914
18105,4123
18107,4045
18109,4101
18111,3937
18113,3835
18115,4033
18117,4148
18119,4123
18121,4086
18123,4175
18125,4187
18127,3871
18129,4232
18131,3900
18133,4090
18135,3945
18137,4041
18139,4022
18141,3826
18143,4102
18145,4060
18147,4198
18149,3870
18151,3826
18153,4154
18155,4042
18157,3999
18159,3980
18161,3986
18163,4220
18165,4081
18167,4126
18169,3897
18171,4014
18173,4205
18175,4123
18177,3971
18179,3897
18181,3946
18183,3857
19001,4134
19003,4161
19005,3888
19007,4159
19009,4112
19011,3997
19013,3970
19015,4077
19017,3941
19019,3952
19021,4045
19023,3969
19025,4062
19027,4088
19029,4142
19031,3994
19033,3964
19035,4057
19037,3914
19039,4155
19041,4023
19043,3916
19045,3967
19047,4098
19049,4110
19051,4146
19053,4177
19055,3941
19057,4081
19059,4003
19061,3933
19063,3995
19065,3918
19067,3940
19069,3990
19071,4208
19073,4086
19075,3997
19077,4111
19079,4040
19081,3986
19083,4020
19085,4144
19087,4090
19089,3888
19091,4026
19093,4077
19095,4037
19097,3949
19099,4080
19101,4101
19103,4022
19105,3964
19107,4079
19109,3996
19111,4125
19113,3983
19115,4055
19117,4147
19119,4042
19121,4134
19123,4098
19125,4117
19127,4042
19129,4186
19131,3913
19133,4123
19135,4134
19137,4170
19139,4022
19141,4034
19143,4015
19145,4193
19147,4014
19149,4084
19151,4038
19153,4100
19155,4159
19157,4055
19159,4179
19161,4068
19163,3988
19165,4122
19167,4059
19169,4063
19171,4016
19173,4183
19175,4156
19177,4131
19179,4120
19181,4130
19183,4060
19185,4169
19187,4050
19189,3965
19191,3886
19193,4100
19195,3941
19197,4012
20001,4360
20003,4340
20005,4271
20007,4753
20009,4664
20011,4354
20013,4261
20015,4471
20017,4413
20019,4464
20021,4395
20023,4669
20025,4876
20027,4415
20029,4460
20031,4355
20033,4823
20035,4511
20037,4373
20039,4638
20041,4445
20043,4255
20045,4305
20047,4777
20049,4440
20051,4684
20053,4581
20055,4873
20057,4848
20059,4322
20061,4391
20063,4763
20065,4673
20067,4937
20069,4883
20071,4853
20073,4411
20075,4912
20077,4678
20079,4527
20081,4916
20083,4821
20085,4291
20087,4287
20089,4496
20091,4300
20093,4898
20095,4655
20097,4796
20099,4405
20101,4813
20103,4287
20105,4559
20107,4335
20109,4788
20111,4367
20113,4533
20115,4465
20117,4322
20119,4913
20121,4316
20123,4532
20125,4427
20127,4394
20129,4979
20131,4282
20133,4381
20135,4782
20137,4616
20139,4330
20141,4590
20143,4486
20145,4746
20147,4588
20149,4331
20151,4725
20153,4656
20155,4620
20157,4433
20159,4606
20161,4372
20163,4637
20165,4723
20167,4630
20169,4511
20171,4833
20173,4557
20175,4940
20177,4312
20179,4699
20181,4731
20183,4548
20185,4696
20187,4954
20189,4959
20191,4595
20193,4719
20195,4728
20197,4341
20199,4797
20201,4376
20203,4845
20205,4402
20207,4378
20209,4291
21001,4138
21003,4210
21005,4080
21007,4335
21009,4183
21011,3998
21013,4099
21015,4015
21017,4021
21019,3939
21021,4088
21023,3987
21025,4029
21027,4175
21029,4126
21031,4218
21033,4281
21035,4332
21037,3995
21039,4348
21041,4060
21043,3951
21045,4106
21047,4276
21049,4032
21051,4070
21053,4151
21055,4279
21057,4163
21059,4215
21061,4190
21063,3969
21065,4042
21067,4044
21069,3979
21071,4018
21073,4063
21075,4379
21077,4038
21079,4072
21081,4023
21083,4343
21085,4184
21087,4147
21089,3930
21091,4194
21093,4149
21095,4068
21097,4016
21099,4163
21101,4233
21103,4066
21105,4362
21107,4258
21109,4055
21111,4116
21113,4062
21115,3990
21117,4003
21119,4032
21121,4097
21123,4139
21125,4087
21127,3968
21129,4038
21131,4062
21133,4047
21135,3950
21137,4085
21139,4300
21141,4246
21143,4301
21145,4325
21147,4126
21149,4234
21151,4055
21153,4004
21155,4117
21157,4320
21159,3992
21161,3973
21163,4155
21165,4001
21167,4082
21169,4161
21171,4181
21173,4014
21175,3990
21177,4243
21179,4119
21181,4001
21183,4215
21185,4091
21187,4045
21189,4050
21191,4005
21193,4049
21195,4024
21197,4026
21199,4105
21201,3995
21203,4073
21205,3973
21207,4134
21209,4039
21211,4081
21213,4234
21215,4101
21217,4128
21219,4262
21221,4303
21223,4074
21225,4256
21227,4213
21229,4103
21231,4133
21233,4252
21235,4117
21237,4013
21239,4064
22001,4562
22003,4585
22005,4511
22007,4518
22009,4551
22011,4597
22013,4594
22015,4610
22017,4622
22019,4589
22021,4578
22023,4571
22025,4564
22027,4589
22029,4552
22031,4618
22033,4503
22035,4587
22037,4507
22039,4565
22041,4576
22043,4582
22045,4528
22047,4511
22049,4584
22051,4536
22053,4581
22055,4541
22057,4536
22059,4571
22061,4586
22063,4512
22065,4583
22067,4583
22069,4599
22071,4528
22073,4583
22075,4536
22077,4522
22079,4576
22081,4606
22083,4582
22085,4611
22087,4525
22089,4534
22091,4510
22093,4519
22095,4524
22097,4541
22099,4524
22101,4525
22103,4517
22105,4516
22107,4572
22109,4533
22111,4583
22113,4552
22115,4596
22117,4513
22119,4600
22121,4506
22123,4585
22125,4517
22127,4586
23001,3850
23003,3583
23005,3874
23007,3747
23009,3762
23011,3826
23013,3832
23015,3849
23017,3798
23019,3707
23021,3665
23023,3863
23025,3705
23027,3801
23029,3715
23031,3893
24001,3894
24003,4083
24005,4025
24009,4121
24011,4095
24013,4007
24015,4032
24017,4135
24019,4119
24021,4018
24023,3807
24025,4021
24027,4051
24029,4067
24031,4069
24033,4102
24035,4081
24037,4138
24039,4131
24041,4102
24043,3983
24045,4119
24047,4123
24510,4049
25001,3923
25003,3771
25005,3898
25007,3917
25009,3913
25011,3808
25013,3812
25015,3807
25017,3894
25019,3935
25021,3897
25023,3911
25025,3908
25027,3853
26001,3704
26003,3608
26005,3808
26007,3706
26009,3652
26011,3706
26013,3591
26015,3789
26017,3714
26019,3684
26021,3819
26023,3812
26025,3797
26027,3809
26029,3653
26031,3672
26033,3654
26035,3695
26037,3754
26039,3665
26041,3642
26043,3643
26045,3778
26047,3654
26049,3732
26051,3701
26053,3640
26055,3663
26057,3736
26059,3820
26061,3587
26063,3716
26065,3770
26067,3769
26069,3705
26071,3628
26073,3720
26075,3797
26077,3801
26079,3657
26081,3784
26083,3537
26085,3724
26087,3728
26089,3661
26091,3835
26093,3763
26095,3618
26097,3642
26099,3755
26101,3711
26103,3602
26105,3754
26107,3731
26109,3683
26111,3717
26113,3671
26115,3832
26117,3749
26119,3684
26121,3804
26123,3762
26125,3753
26127,3783
26129,3689
26131,3619
26133,3699
26135,3682
26137,3659
26139,3809
26141,3694
26143,3677
26145,3726
26147,3739
26149,3810
26151,3722
26153,3620
26155,3743
26157,3718
26159,3809
26161,3798
26163,3792
26165,3678
27001,3748
27003,3854
27005,3770
27007,3658
27009,3835
27011,3921
27013,3946
27015,3953
27017,3737
27019,3896
27021,3732
27023,3924
27025,3825
27027,3817
27029,3704
27031,3544
27033,3969
27035,3771
27037,3874
27039,3873
27041,3845
27043,3959
27045,3861
27047,3925
27049,3857
27051,3870
27053,3877
27055,3864
27057,3730
27059,3834
27061,3665
27063,3986
27065,3803
27067,3896
27069,3666
27071,3598
27073,3944
27075,3599
27077,3587
27079,3916
27081,3968
27083,3965
27085,3905
27087,3745
27089,3684
27091,3976
27093,3888
27095,3808
27097,3814
27099,3885
27101,3978
27103,3934
27105,4000
27107,3781
27109,3851
27111,3817
27113,3695
27115,3775
27117,3993
27119,3739
27121,3874
27123,3862
27125,3715
27127,3955
27129,3927
27131,3893
27133,4022
27135,3622
27137,3633
27139,3899
27141,3854
27143,3920
27145,3857
27147,3899
27149,3895
27151,3909
27153,3821
27155,3900
27157,3837
27159,3780
27161,3923
27163,3848
27165,3963
27167,3858
27169,3841
27171,3876
27173,3952
28001,4544
28003,4444
28005,4520
28007,4541
28009,4479
28011,4570
28013,4518
28015,4556
28017,4497
28019,4517
28021,4569
28023,4475
28025,4495
28027,4554
28029,4559
28031,4513
28033,4517
28035,4488
28037,4537
28039,4464
28041,4465
28043,4546
28045,4504
28047,4486
28049,4579
28051,4571
28053,4586
28055,4589
28057,4456
28059,4471
28061,4494
28063,4554
28065,4524
28067,4491
28069,4485
28071,4514
28073,4499
28075,4478
28077,4536
28079,4538
28081,4474
28083,4572
28085,4537
28087,4483
28089,4573
28091,4515
28093,4499
28095,4475
28097,4539
28099,4506
28101,4501
28103,4489
28105,4500
28107,4535
28109,4501
28111,4477
28113,4521
28115,4493
28117,4452
28119,4551
28121,4562
28123,4535
28125,4590
28127,4545
28129,4522
28131,4480
28133,4575
28135,4557
28137,4525
28139,4465
28141,4429
28143,4536
28145,4483
28147,4517
28149,4583
28151,4584
28153,4471
28155,4518
28157,4525
28159,4504
28161,4535
28163,4586
29001,4205
29003,4240
29005,4223
29007,4274
29009,4401
29011,4367
29013,4333
29015,4340
29017,4337
29019,4309
29021,4261
29023,4400
29025,4261
29027,4307
29029,4353
29031,4328
29033,4282
29035,4383
29037,4313
29039,4357
29041,4277
29043,4383
29045,4160
29047,4281
29049,4262
29051,4339
29053,4323
29055,4321
29057,4366
29059,4357
29061,4241
29063,4244
29065,4342
29067,4388
29069,4430
29071,4291
29073,4309
29075,4224
29077,4369
29079,4229
29081,4210
29083,4332
29085,4350
29087,4240
29089,4304
29091,4395
29093,4325
29095,4297
29097,4383
29099,4277
29101,4315
29103,4202
29105,4358
29107,4300
29109,4378
29111,4192
29113,4245
29115,4246
29117,4256
29119,4419
29121,4241
29123,4327
29125,4337
29127,4217
29129,4201
29131,4349
29133,4364
29135,4333
29137,4259
29139,4277
29141,4338
29143,4393
29145,4398
29147,4215
29149,4405
29151,4327
29153,4409
29155,4427
29157,4304
29159,4322
29161,4342
29163,4234
29165,4277
29167,4359
29169,4354
29171,4186
29173,4237
29175,4276
29177,4281
29179,4348
29181,4407
29183,4251
29185,4346
29186,4294
29187,4301
29189,4249
29195,4303
29197,4176
29199,4169
29201,4354
29203,4370
29205,4232
29207,4379
29209,4400
29211,4213
29213,4409
29215,4363
29217,4353
29219,4272
29221,4304
29223,4365
29225,4364
29227,4202
29229,4367
29510,4245
30001,3961
30003,4142
30005,3840
30007,3980
30009,4152
30011,4151
30013,3960
30015,3940
30017,4104
30019,3806
30021,4000
30023,3846
30025,4088
30027,3912
30029,3621
30031,4033
30033,3958
30035,3753
30037,4006
30039,3793
30041,3886
30043,3931
30045,3928
30047,3679
30049,3865
30051,3925
30053,3571
30055,3946
30057,4007
30059,3951
30061,3685
30063,3723
30065,4018
30067,4042
30069,3954
30071,3846
30073,3891
30075,4159
30077,3811
30079,4043
30081,3811
30083,3944
30085,3879
30087,4075
30089,3649
30091,3833
30093,3898
30095,4093
30097,4046
30099,3889
30101,3921
30103,4073
30105,3840
30107,3978
30109,4027
30111,4103
31001,4452
31003,4260
31005,4407
31007,4434
31009,4339
31011,4308
31013,4379
31015,4221
31017,4287
31019,4445
31021,4158
31023,4273
31025,4220
31027,4168
31029,4554
31031,4304
31033,4467
31035,4418
31037,4243
31039,4185
31041,4391
31043,4133
31045,4347
31047,4460
31049,4482
31051,4146
31053,4203
31055,4192
31057,4610
31059,4375
31061,4516
31063,4522
31065,4564
31067,4304
31069,4424
31071,4322
31073,4510
31075,4370
31077,4346
31079,4420
31081,4386
31083,4541
31085,4539
31087,4598
31089,4260
31091,4356
31093,4387
31095,4355
31097,4263
31099,4478
31101,4458
31103,4246
31105,4455
31107,4206
31109,4270
31111,4451
31113,4378
31115,4332
31117,4390
31119,4258
31121,4364
31123,4428
31125,4338
31127,4242
31129,4446
31131,4239
31133,4276
31135,4503
31137,4496
31139,4223
31141,4284
31143,4321
31145,4582
31147,4253
31149,4279
31151,4330
31153,4204
31155,4231
31157,4426
31159,4303
31161,4342
31163,4401
31165,4364
31167,4222
31169,4402
31171,4346
31173,4145
31175,4362
31177,4176
31179,4188
31181,4484
31183,4307
31185,4348
32001,4970
32003,5566
32005,4988
32007,4546
32009,5238
32011,4789
32013,4657
32015,4827
32017,5261
32019,5025
32021,5081
32023,5225
32027,4825
32029,4967
32031,4821
32033,4849
32510,4974
33001,3865
33003,3841
33005,3823
33007,3752
33009,3797
33011,3869
33013,3861
33015,3903
33017,3893
33019,3811
34001,4031
34003,3905
34005,3993
34007,4002
34009,4061
34011,4051
34013,3912
34015,4015
34017,3930
34019,3900
34021,3948
34023,3943
34025,3962
34027,3878
34029,3990
34031,3876
34033,4036
34035,3919
34037,3839
34039,3925
34041,3857
35001,5539
35003,5530
35005,5462
35006,5479
35007,5208
35009,5210
35011,5387
35013,5711
35015,5513
35017,5651
35019,5392
35021,5200
35023,5702
35025,5375
35027,5517
35028,5424
35029,5723
35031,5406
35033,5297
35035,5613
35037,5215
35039,5361
35041,5274
35043,5471
35045,5329
35047,5339
35049,5451
35051,5658
35053,5594
35055,5296
35057,5495
35059,5110
35061,5578
36001,3771
36003,3685
36005,3920
36007,3691
36009,3697
36011,3691
36013,3716
36015,3686
36017,3687
36019,3699
36021,3793
36023,3674
36025,3713
36027,3817
36029,3692
36031,3702
36033,3688
36035,3727
36037,3682
36039,3757
36041,3690
36043,3698
36045,3707
36047,3940
36049,3693
36051,3685
36053,3693
36055,3691
36057,3748
36059,3920
36061,3928
36063,3691
36065,3708
36067,3697
36069,3685
36071,3836
36073,3687
36075,3705
36077,3706
36079,3838
36081,3934
36083,3778
36085,3939
36087,3876
36089,3705
36091,3760
36093,3764
36095,3733
36097,3679
36099,3695
36101,3681
36103,3884
36105,3764
36107,3684
36109,3680
36111,3782
36113,3728
36115,3769
36117,3697
36119,3875
36121,3673
36123,3684
37001,4403
37003,4321
37005,4193
37007,4472
37009,4162
37011,4179
37013,4336
37015,4293
37017,4485
37019,4512
37021,4253
37023,4307
37025,4424
37027,4285
37029,4229
37031,4385
37033,4392
37035,4361
37037,4422
37039,4293
37041,4265
37043,4303
37045,4393
37047,4511
37049,4380
37051,4461
37053,4223
37055,4270
37057,4393
37059,4367
37061,4438
37063,4404
37065,4345
37067,4358
37069,4375
37071,4414
37073,4245
37075,4248
37077,4385
37079,4383
37081,4386
37083,4323
37085,4438
37087,4218
37089,4309
37091,4267
37093,4468
37095,4303
37097,4361
37099,4266
37101,4413
37103,4403
37105,4436
37107,4401
37109,4387
37111,4290
37113,4288
37115,4205
37117,4319
37119,4431
37121,4189
37123,4442
37125,4447
37127,4365
37129,4489
37131,4291
37133,4430
37135,4402
37137,4362
37139,4239
37141,4470
37143,4253
37145,4392
37147,4357
37149,4368
37151,4413
37153,4471
37155,4494
37157,4369
37159,4397
37161,4362
37163,4451
37165,4483
37167,4439
37169,4330
37171,4287
37173,4227
37175,4306
37177,4278
37179,4461
37181,4369
37183,4406
37185,4346
37187,4293
37189,4177
37191,4409
37193,4273
37195,4380
37197,4328
37199,4192
38001,4093
38003,3871
38005,3825
38007,4015
38009,3793
38011,4099
38013,3813
38015,3980
38017,3845
38019,3717
38021,3952
38023,3821
38025,3977
38027,3841
38029,4029
38031,3864
38033,4027
38035,3770
38037,4064
38039,3834
38041,4063
38043,3946
38045,3928
38047,3968
38049,3853
38051,3990
38053,3944
38055,3932
38057,3977
38059,4028
38061,3876
38063,3789
38065,3988
38067,3700
38069,3830
38071,3780
38073,3894
38075,3816
38077,3883
38079,3761
38081,3916
38083,3910
38085,4073
38087,4069
38089,4030
38091,3815
38093,3906
38095,3756
38097,3800
38099,3738
38101,3864
38103,3885
38105,3874
39001,3935
39003,3892
39005,3782
39007,3704
39009,3841
39011,3901
39013,3770
39015,3955
39017,3981
39019,3744
39021,3890
39023,3902
39025,3971
39027,3924
39029,3727
39031,3786
39033,3824
39035,3741
39037,3935
39039,3868
39041,3837
39043,3805
39045,3832
39047,3892
39049,3848
39051,3861
39053,3890
39055,3703
39057,3920
39059,3782
39061,3993
39063,3874
39065,3874
39067,3759
39069,3877
39071,3920
39073,3840
39075,3775
39077,3803
39079,3882
39081,3754
39083,3798
39085,3717
39087,3915
39089,3810
39091,3883
39093,3775
39095,3859
39097,3875
39099,3709
39101,3845
39103,3759
39105,3862
39107,3911
39109,3927
39111,3785
39113,3946
39115,3814
39117,3814
39119,3800
39121,3794
39123,3839
39125,3878
39127,3818
39129,3864
39131,3897
39133,3717
39135,3962
39137,3887
39139,3795
39141,3881
39143,3841
39145,3913
39147,3841
39149,3910
39151,3743
39153,3740
39155,3697
39157,3765
39159,3862
39161,3892
39163,3859
39165,3954
39167,3818
39169,3766
39171,3848
39173,3868
39175,3854
40001,4488
40003,4745
40005,4703
40007,4937
40009,4927
40011,4802
40013,4753
40015,4835
40017,4780
40019,4812
40021,4499
40023,4695
40025,5037
40027,4743
40029,4707
40031,4869
40033,4887
40035,4433
40037,4580
40039,4863
40041,4448
40043,4845
40045,4898
40047,4702
40049,4780
40051,4806
40053,4674
40055,4937
40057,4965
40059,4882
40061,4575
40063,4656
40065,4946
40067,4862
40069,4755
40071,4588
40073,4755
40075,4895
40077,4603
40079,4578
40081,4655
40083,4701
40085,4832
40087,4769
40089,4631
40091,4584
40093,4791
40095,4789
40097,4473
40099,4773
40101,4548
40103,4634
40105,4448
40107,4621
40109,4724
40111,4573
40113,4518
40115,4418
40117,4577
40119,4631
40121,4632
40123,4721
40125,4705
40127,4647
40129,4911
40131,4481
40133,4676
40135,4537
40137,4836
40139,4989
40141,4921
40143,4523
40145,4518
40147,4471
40149,4877
40151,4803
40153,4853
41001,4177
41003,3648
41005,3766
41007,3258
41009,3360
41011,3879
41013,4393
41015,3907
41017,4332
41019,4036
41021,4238
41023,4256
41025,4481
41027,3858
41029,4300
41031,4230
41033,4074
41035,4447
41037,4555
41039,3939
41041,3538
41043,3871
41045,4420
41047,3750
41049,4204
41051,3628
41053,3549
41055,4194
41057,3351
41059,4109
41061,4078
41063,4016
41065,4120
41067,3443
41069,4306
41071,3489
42001,3961
42003,3776
42005,3773
42007,3749
42009,3866
42011,3897
42013,3826
42015,3701
42017,3924
42019,3749
42021,3798
42023,3747
42025,3804
42027,3794
42029,3973
42031,3752
42033,3778
42035,3762
42037,3789
42039,3716
42041,3920
42043,3890
42045,3988
42047,3745
42049,3726
42051,3789
42053,3740
42055,3935
42057,3910
42059,3777
42061,3858
42063,3789
42065,3762
42067,3861
42069,3741
42071,3956
42073,3723
42075,3902
42077,3867
42079,3766
42081,3746
42083,3718
42085,3710
42087,3843
42089,3798
42091,3941
42093,3800
42095,3855
42097,3823
42099,3882
42101,3977
42103,3786
42105,3708
42107,3836
42109,3831
42111,3807
42113,3716
42115,3705
42117,3701
42119,3801
42121,3732
42123,3726
42125,3773
42127,3738
42129,3792
42131,3728
42133,3964
44001,3893
44003,3872
44005,3894
44007,3872
44009,3876
45001,4513
45003,4549
45005,4579
45007,4476
45009,4571
45011,4565
45013,4608
45015,4585
45017,4549
45019,4601
45021,4434
45023,4480
45025,4495
45027,4558
45029,4593
45031,4519
45033,4515
45035,4587
45037,4540
45039,4502
45041,4540
45043,4571
45045,4424
45047,4518
45049,4590
45051,4540
45053,4602
45055,4511
45057,4482
45059,4491
45061,4527
45063,4529
45065,4539
45067,4535
45069,4503
45071,4508
45073,4423
45075,4562
45077,4414
45079,4528
45081,4524
45083,4438
45085,4541
45087,4477
45089,4563
45091,4452
46003,4131
46005,4061
46007,4272
46009,4176
46011,3990
46013,3984
46015,4156
46017,4131
46019,4201
46021,4058
46023,4184
46025,3991
46027,4126
46029,3958
46031,4105
46033,4263
46035,4120
46037,3951
46039,3956
46041,4132
46043,4155
46045,4034
46047,4320
46049,4055
46051,3940
46053,4204
46055,4213
46057,3983
46059,4083
46061,4103
46063,4143
46065,4148
46067,4132
46069,4105
46071,4252
46073,4100
46075,4205
46077,4019
46079,4031
46081,4191
46083,4077
46085,4177
46087,4077
46089,4008
46091,3930
46093,4217
46095,4232
46097,4058
46099,4047
46101,4013
46103,4239
46105,4144
46107,4094
46109,3918
46111,4086
46113,4299
46115,4028
46117,4180
46119,4130
46121,4247
46123,4216
46125,4099
46127,4108
46129,4076
46135,4145
46137,4168
47001,4179
47003,4300
47005,4358
47007,4212
47009,4237
47011,4287
47013,4140
47015,4250
47017,4383
47019,4159
47021,4293
47023,4422
47025,4133
47027,4182
47029,4211
47031,4270
47033,4429
47035,4177
47037,4283
47039,4386
47041,4229
47043,4311
47045,4425
47047,4477
47049,4152
47051,4295
47053,4407
47055,4347
47057,4166
47059,4183
47061,4240
47063,4178
47065,4269
47067,4127
47069,4453
47071,4409
47073,4145
47075,4450
47077,4397
47079,4353
47081,4338
47083,4325
47085,4342
47087,4200
47089,4203
47091,4143
47093,4207
47095,4408
47097,4453
47099,4360
47101,4349
47103,4331
47105,4234
47107,4262
47109,4431
47111,4205
47113,4424
47115,4271
47117,4321
47119,4329
47121,4247
47123,4259
47125,4296
47127,4306
47129,4169
47131,4392
47133,4172
47135,4368
47137,4157
47139,4294
47141,4194
47143,4225
47145,4215
47147,4263
47149,4279
47151,4141
47153,4231
47155,4217
47157,4499
47159,4225
47161,4319
47163,4145
47165,4241
47167,4474
47169,4230
47171,4170
47173,4164
47175,4210
47177,4239
47179,4169
47181,4379
47183,4377
47185,4206
47187,4301
47189,4252
48001,4712
48003,5336
48005,4631
48007,4556
48009,4946
48011,5022
48013,4882
48015,4569
48017,5190
48019,5020
48021,4773
48023,4983
48025,4683
48027,4865
48029,4930
48031,4946
48033,5174
48035,4918
48037,4642
48039,4451
48041,4657
48043,5439
48045,5033
48047,4743
48049,5032
48051,4687
48053,4941
48055,4810
48057,4538
48059,5047
48061,4736
48063,4689
48065,5005
48067,4644
48069,5098
48071,4488
48073,4681
48075,4998
48077,4905
48079,5230
48081,5133
48083,5064
48085,4821
48087,4976
48089,4590
48091,4913
48093,4996
48095,5092
48097,4848
48099,4918
48101,5021
48103,5384
48105,5249
48107,5084
48109,5564
48111,5065
48113,4854
48115,5220
48117,5109
48119,4734
48121,4870
48123,4689
48125,5061
48127,5036
48129,4998
48131,4781
48133,5009
48135,5359
48137,5126
48139,4850
48141,5713
48143,4965
48145,4808
48147,4761
48149,4681
48151,5100
48153,5050
48155,5000
48157,4480
48159,4703
48161,4749
48163,4971
48165,5296
48167,4453
48169,5128
48171,5001
48173,5233
48175,4656
48177,4752
48179,4976
48181,4807
48183,4678
48185,4598
48187,4848
48189,5087
48191,5022
48193,4955
48195,4995
48197,4981
48199,4550
48201,4475
48203,4649
48205,5085
48207,5041
48209,4888
48211,4944
48213,4751
48215,4782
48217,4872
48219,5175
48221,4941
48223,4731
48225,4656
48227,5204
48229,5639
48231,4777
48233,5006
48235,5184
48237,4932
48239,4555
48241,4594
48243,5509
48245,4530
48247,4814
48249,4707
48251,4902
48253,5072
48255,4760
48257,4804
48259,4969
48261,4678
48263,5098
48265,5032
48267,5077
48269,5044
48271,5152
48273,4646
48275,5018
48277,4714
48279,5138
48281,4959
48283,4931
48285,4641
48287,4728
48289,4696
48291,4509
48293,4782
48295,4932
48297,4752
48299,4999
48301,5484
48303,5121
48305,5161
48307,5056
48309,4861
48311,4838
48313,4651
48315,4649
48317,5262
48319,5043
48321,4481
48323,5128
48325,5001
48327,5082
48329,5301
48331,4775
48333,4995
48335,5158
48337,4879
48339,4522
48341,5034
48343,4669
48345,5039
48347,4648
48349,4807
48351,4598
48353,5107
48355,4625
48357,4963
48359,5104
48361,4565
48363,4967
48365,4645
48367,4929
48369,5149
48371,5400
48373,4583
48375,5048
48377,5528
48379,4755
48381,5051
48383,5249
48385,5074
48387,4677
48389,5512
48391,4588
48393,4976
48395,4728
48397,4815
48399,5099
48401,4667
48403,4616
48405,4625
48407,4552
48409,4615
48411,5014
48413,5142
48415,5130
48417,5037
48419,4634
48421,5023
48423,4706
48425,4938
48427,4844
48429,5003
48431,5179
48433,5070
48435,5150
48437,5055
48439,4898
48441,5080
48443,5339
48445,5217
48447,5007
48449,4684
48451,5135
48453,4869
48455,4621
48457,4589
48459,4686
48461,5318
48463,5075
48465,5238
48467,4757
48469,4601
48471,4589
48473,4537
48475,5451
48477,4621
48479,4934
48481,4522
48483,4955
48485,4926
48487,4960
48489,4715
48491,4857
48493,4834
48495,5423
48497,4903
48499,4720
48501,5272
48503,4971
48505,4899
48507,5062
49001,4949
49003,4481
49005,4436
49007,4728
49009,4619
49011,4553
49013,4633
49015,4846
49017,4939
49019,4921
49021,5026
49023,4733
49025,5029
49027,4854
49029,4497
49031,4842
49033,4461
49035,4569
49037,5078
49039,4714
49041,4794
49043,4511
49045,4637
49047,4750
49049,4635
49051,4575
49053,5167
49055,4916
49057,4496
50001,3742
50003,3755
50005,3752
50007,3727
50009,3742
50011,3716
50013,3725
50015,3718
50017,3768
50019,3723
50021,3754
50023,3736
50025,3783
50027,3776
51001,4144
51003,4192
51005,4096
51007,4271
51009,4260
51011,4320
51013,4102
51015,4093
51017,4046
51019,4291
51021,4098
51023,4194
51025,4301
51027,4045
51029,4280
51031,4348
51033,4180
51035,4203
51036,4203
51037,4353
51041,4236
51043,4044
51045,4140
51047,4138
51049,4276
51051,4050
51053,4259
51057,4169
51059,4109
51061,4106
51063,4208
51065,4231
51067,4294
51069,4001
51071,4111
51073,4177
51075,4231
51077,4156
51079,4127
51081,4282
51083,4382
51085,4204
51087,4214
51089,4335
51091,3959
51093,4213
51095,4191
51097,4177
51099,4159
51101,4187
51103,4162
51105,4096
51107,4069
51109,4202
51111,4323
51113,4119
51115,4172
51117,4352
51119,4170
51121,4183
51125,4225
51127,4193
51131,4164
51133,4154
51135,4292
51137,4169
51139,4062
51141,4278
51143,4367
51145,4249
51147,4319
51149,4221
51153,4123
51155,4163
51157,4083
51159,4161
51161,4214
51163,4167
51165,4037
51167,4078
51169,4100
51171,4017
51173,4114
51175,4245
51177,4175
51179,4152
51181,4207
51183,4241
51185,4068
51187,4052
51191,4118
51193,4156
51195,4050
51197,4145
51199,4187
51510,4111
51515,4297
51520,4133
51530,4224
51540,4199
51550,4211
51570,4231
51580,4120
51590,4386
51595,4280
51600,4105
51610,4101
51620,4239
51630,4167
51640,4198
51650,4190
51660,4067
51670,4221
51678,4194
51680,4319
51683,4122
51685,4120
51690,4337
51700,4192
51710,4195
51720,4058
51730,4232
51735,4186
51740,4202
51750,4178
51760,4219
51770,4249
51775,4229
51790,4113
51800,4222
51810,4199
51820,4153
51830,4189
51840,4018
53001,3968
53003,3975
53005,4125
53007,3634
53009,3012
53011,3550
53013,3983
53015,3400
53017,3829
53019,3701
53021,4054
53023,3959
53025,3964
53027,3114
53029,3234
53031,3044
53033,3458
53035,3244
53037,3806
53039,4051
53041,3425
53043,3870
53045,3149
53047,3607
53049,3176
53051,3669
53053,3427
53055,3117
53057,3324
53059,3646
53061,3394
53063,3826
53065,3726
53067,3285
53069,3245
53071,4057
53073,3265
53075,3923
53077,3934
54001,3799
54003,3991
54005,3969
54007,3874
54009,3766
54011,3929
54013,3865
54015,3915
54017,3807
54019,3967
54021,3848
54023,3874
54025,3997
54027,3942
54029,3753
54031,3943
54033,3798
54035,3880
54037,4028
54039,3938
54041,3827
54043,3954
54045,3987
54047,4048
54049,3785
54051,3774
54053,3893
54055,4062
54057,3890
54059,3999
54061,3784
54063,4085
54065,3954
54067,3923
54069,3768
54071,3914
54073,3815
54075,3912
54077,3787
54079,3919
54081,3998
54083,3823
54085,3827
54087,3887
54089,4042
54091,3792
54093,3803
54095,3800
54097,3820
54099,3956
54101,3877
54103,3783
54105,3852
54107,3839
54109,4018
55001,3854
55003,3685
55005,3770
55007,3692
55009,3801
55011,3822
55013,3780
55015,3834
55017,3773
55019,3789
55021,3887
55023,3892
55025,3900
55027,3880
55029,3736
55031,3728
55033,3797
55035,3794
55037,3664
55039,3858
55041,3683
55043,3911
55045,3910
55047,3868
55049,3902
55051,3665
55053,3823
55055,3894
55057,3856
55059,3880
55061,3781
55063,3854
55065,3916
55067,3727
55069,3730
55071,3819
55073,3772
55075,3712
55077,3869
55078,3760
55079,3879
55081,3848
55083,3754
55085,3692
55087,3816
55089,3866
55091,3819
55093,3829
55095,3799
55097,3813
55099,3709
55101,3881
55103,3885
55105,3902
55107,3744
55109,3820
55111,3885
55113,3720
55115,3783
55117,3847
55119,3748
55121,3824
55123,3869
55125,3660
55127,3888
55129,3748
55131,3869
55133,3882
55135,3817
55137,3846
55139,3847
55141,3814
56001,4387
56003,4248
56005,4238
56007,4472
56009,4339
56011,4205
56013,4453
56015,4399
56017,4384
56019,4249
56021,4422
56023,4430
56025,4391
56027,4328
56029,4198
56031,4394
56033,4166
56035,4421
56037,4577
56039,4224
56041,4532
56043,4341
56045,4264